Time,V1,V2,V3,V4,V5,V6,V7,V8,V9,V10,Amount,Class
42,-1.359807,-0.072781,2.536347,1.378155,-0.338321,0.462388,0.239599,0.098698,0.363787,0.090794,19.99,0
178,1.191857,0.266151,0.166480,0.448154,0.060018,-0.082361,-0.078803,0.085102,-0.255425,-0.166974,2.69,0
406,-2.312227,1.951992,-1.609851,3.997906,-0.522188,-1.426545,-2.537387,1.391657,-2.770089,-2.772272,0.00,1
742,1.229658,0.141004,0.045371,1.202613,0.191881,0.272708,-0.005159,0.081213,0.464960,-0.099254,45.17,0
952,-3.043541,-3.157307,1.088463,2.288644,1.359805,-1.064823,0.325574,-0.067794,-0.270953,-0.838587,529.00,1
